{
  "training_seconds": 133.31607174873352,
  "live_evaluation_seconds": 481.4985580444336,
  "total_seconds": 614.8146402835846
}