{
  "training_seconds": 368.4402434825897,
  "live_evaluation_seconds": 2201.777682542801,
  "total_seconds": 2570.2179374694824
}