{
  "training_seconds": 378.03920221328735,
  "live_evaluation_seconds": 3751.902520418167,
  "total_seconds": 4129.941732406616
}