{
  "training_seconds": 259.6048448085785,
  "live_evaluation_seconds": 448.008597612381,
  "total_seconds": 707.6134533882141
}