{
  "total_seconds": 2458.8858785629272,
  "total_minutes": 40,
  "remaining_seconds": 58.885878562927246,
  "initial_debates": 20,
  "valid_debates": 0,
  "avg_seconds_per_initial": 122.94429392814637,
  "avg_seconds_per_valid": 0.0
}